date,plate_id,plate_name,amount,change_pct,amplitude,net_inflow,net_inflow_5d,buy_amount,sell_amount,turnover_rate,market_cap,avg_change,stock_count,change_pct2
2026-09-30,801045,医药,7249,1.545,0.949,180694224037,5445694041,33119441752,-27673747711,0.975,7444127726194,1.2,7249,1.545
2026-09-30,801004,锂电池,2850,-0.338,0.678,221476743607,549050578,19435880952,-18886830374,0.869,12176750094553,-0.82,2850,-0.338
2026-09-30,801235,化工,2286,0.206,0.726,158457923281,-680190381,12960221491,-13640411872,0.787,12902950316970,-0.29,2286,0.206
2026-09-30,801199,汽车零部件,2154,-0.635,1.072,325735136032,760898734,13305516876,-12544618142,0.867,16461641674029,-1.17,2154,-0.635
2026-09-30,801035,酿酒,2129,1.397,0.563,21818845276,1256090875,5710855271,-4454764396,0.918,2817469958068,1.03,2129,1.397
2026-09-30,801159,机器人概念,2053,-0.67,1.173,329689578050,380620326,11534918349,-11154298023,0.882,17674834741587,-1.12,2053,-0.67
2026-09-30,803023,AI应用,1944,-0.476,1.035,172882519008,-904530601,15149701622,-16054232223,0.829,9328150871872,-0.81,1944,-0.476
2026-09-30,801020,疫苗概念,1566,1.996,0.275,23549429432,385016055,3021595781,-2636579726,1.046,872152888323,1.52,1566,1.996
2026-09-30,801273,股权转让,1465,-0.194,0.594,263532798392,328091083,2387788683,-2059697600,0.879,12598858237139,-0.71,1465,-0.194
2026-09-30,801027,银行,1446,1.461,0.295,26514429909,36543911,10619645273,-10583101362,1.102,10706243911387,1.47,1446,1.461
2026-09-30,801087,风电,1348,0.102,0.379,101692330668,-412144998,9670792299,-10082937297,0.901,5529364243656,-0.26,1348,0.102
2026-09-30,801250,并购重组,1260,-0.299,0.412,222479640786,113389365,3271127780,-3157738415,0.872,13380417348442,-0.81,1260,-0.299
2026-09-30,801676,地产链,1251,0.262,1.269,82282675671,-187807066,12017280025,-12205087091,1.167,3021232070496,0.36,1251,0.262
2026-09-30,801464,农业,1202,0.825,0.49,66172135325,310994986,4969447505,-4658452519,0.854,3882407672073,0.45,1202,0.825
2026-09-30,801220,食品饮料,1088,1.004,0.377,36296062184,131453541,2862131858,-2730678317,0.881,2430502606192,0.7,1088,1.004
2026-09-30,801973,保健品,660,1.701,0.258,23566927750,3042620,380599401,-377556781,1.09,1248320127353,1.36,660,1.701
2026-09-30,801040,造纸,591,0.914,0.279,3915513872,37001130,410994608,-373993478,0.995,178246135200,-0.25,591,0.914
2026-09-30,801243,宠物经济,558,0.868,0.296,19080489005,85030790,264281123,-179250333,0.979,1046083860352,0.46,558,0.868
2026-09-30,801047,钠电池,540,0.556,0.197,62083129711,-21812216,804975455,-826787671,0.983,3545259839998,0.19,540,0.556
2026-09-30,801227,烟草,506,0.063,-0.007,4577131199,47266026,153903045,-106637019,0.956,190697881674,-0.66,506,0.063
2026-09-30,801287,养老概念,501,0.02,0.159,31633550152,31176608,164754099,-133577491,1.146,1579515781925,-0.21,501,0.02
2026-09-30,801270,基础建设,497,0.075,0.568,87360924823,874313597,7224806784,-6350493187,0.923,6883129987610,-0.29,497,0.075
2026-09-30,801773,热力,476,0.767,0.107,4708584367,151811601,310890461,-159078860,1.12,189021324259,0.28,476,0.767
2026-09-30,801031,文化传媒,468,-0.769,0.423,57504467744,-516284733,4343857306,-4860142039,0.806,2218182470239,-1.19,468,-0.769
2026-09-30,801069,家电,463,-0.312,0.348,42780273655,53063215,2511974951,-2458911736,0.847,2933290540959,-0.76,463,-0.312
2026-09-30,801053,零售,441,0.502,0.929,37563826275,211213225,1556019059,-1344805834,0.906,2133960125411,0.09,441,0.502
2026-09-30,801346,智能电网,403,-0.464,0.867,147971093955,77670462,7301784333,-7224113871,0.806,9209441322534,-0.92,403,-0.464
2026-09-30,801048,黄金,333,0.334,0.304,26349275911,99677722,3631923709,-3532245987,0.731,2579188105524,0.0,333,0.334
2026-09-30,801093,天然气,307,0.156,0.492,22614841321,-185880890,1659197054,-1845077944,0.84,3654371426696,-0.25,307,0.156
2026-09-30,801631,次新股,276,-1.231,0.528,51115349788,56276951,463810189,-407533238,0.885,710339267328,-1.45,276,-1.231
2026-09-30,801622,跨境支付,270,-0.296,0.028,28998208880,10118197,252848978,-242730781,0.985,9073660860821,-0.55,270,-0.296
2026-09-30,801443,转基因,221,2.538,-0.07,5237132268,94169028,227969123,-133800095,0.956,139675773096,2.11,221,2.538
2026-09-30,801932,海洋经济,172,-0.204,0.314,95355085686,256274963,1654458162,-1398183199,0.823,4206540234881,-0.69,172,-0.204
2026-09-30,801956,卫生护理,164,2.402,0.0,2627264709,3544686,7750335,-4205649,0.973,62031805376,1.2,164,2.402
2026-09-30,801654,眼科医疗,159,1.593,0.026,12721632881,35393137,245788618,-210395481,1.149,684115451041,1.28,159,1.593
2026-09-30,801322,芬太尼替代,151,1.514,-0.063,893281793,-35492215,27300164,-62792379,1.279,105227070796,1.34,151,1.514
2026-09-30,801874,电源,146,-1.034,0.068,31482345619,13608070,114080427,-100472357,0.876,2797800240317,-1.79,146,-1.034
2026-09-30,801613,幽门螺杆菌,145,2.88,-0.007,5450757615,-9018917,41565109,-50584026,1.046,238596526114,1.77,145,2.88
2026-09-30,801843,商业航天,111,-0.846,0.505,175666192171,-303928075,1404171628,-1708099703,0.801,9484494190627,-1.4,111,-0.846
2026-09-30,801248,智能驾驶,110,-0.799,0.407,225944315048,23619116,4274382510,-4250763394,0.838,10842619156916,-1.29,110,-0.799
2026-09-30,801862,高股息精选,109,1.198,0.685,74725378053,-39951474,1229321468,-1269272942,1.083,15913769523168,1.04,109,1.198
2026-09-30,801039,机场航空,109,1.09,0.171,3308751053,174618390,1052841977,-878223587,1.087,510361989794,0.46,109,1.09
2026-09-30,801254,防脱发,108,1.081,0.0,2015728051,0,0,0,1.151,168443427018,0.88,108,1.081
2026-09-30,801046,医疗器械,96,0.451,1.534,64715916373,320349141,3275268814,-2954919673,0.841,3967876556420,0.07,96,0.451
2026-09-30,801418,民营医院,96,0.967,0.116,22280611748,9061488,124417244,-115355756,0.886,691567462660,0.64,96,0.967
2026-09-30,801767,重庆市,93,1.071,0.699,13323515757,22089601,198746059,-176656458,1.026,767762063726,0.65,93,1.071
2026-09-30,801137,醋酸,88,0.883,0.009,768218600,-10239888,169009649,-179249537,0.702,92936236560,0.55,88,0.883
2026-09-30,801733,中特估,87,0.959,0.108,61210605564,78006959,414870853,-336863894,0.981,20287325936545,0.86,87,0.959
2026-09-30,801471,免税,82,1.252,0.143,10174811725,-42690074,1193198434,-1235888508,0.923,595186328550,0.85,82,1.252
2026-09-30,801742,内蒙古自治区,80,0.807,0.07,8418133763,14834001,146367409,-131533408,0.871,834263827868,0.6,80,0.807
2026-09-30,801012,钢铁,72,0.723,0.044,6895089633,-54439393,1232061361,-1286500754,0.856,821375461067,0.54,72,0.723
2026-09-30,801100,生育概念,68,1.06,0.623,47140384394,126141427,1079142120,-953000693,1.044,1943435554027,0.69,68,1.06
2026-09-30,801546,钒电池,67,0.972,-0.004,12025558688,-3659092,527669038,-531328130,0.735,858390886495,0.42,67,0.972
2026-09-30,801144,医美,61,0.801,0.361,30336294613,-5817074,1140666723,-1146483797,1.015,1069136771626,0.62,61,0.801
2026-09-30,801044,土地流转,60,0.78,-0.197,14476365437,8677609,47184487,-38506878,0.945,423997841599,0.72,60,0.78
2026-09-30,801747,宁夏回族自治区,53,0.537,0.0,2390636671,-397586,9253814,-9651400,0.731,248091546348,-0.1,53,0.537
2026-09-30,801530,中字头,45,0.536,0.16,47476143410,43674985,459746072,-416071087,0.91,11505475416573,0.22,45,0.536
2026-09-30,801234,航运,45,0.451,0.031,15266675025,-79856212,1387928621,-1467784833,0.772,1536098258378,0.26,45,0.451
2026-09-30,801117,港口,44,0.45,0.013,2240761162,-63909550,475778759,-539688309,1.022,504376574575,0.46,44,0.45
2026-09-30,801623,远东开发,44,0.447,-0.108,16561407328,7827055,48362395,-40535340,0.898,797253653292,0.11,44,0.447
2026-09-30,801541,生物质能,37,0.532,0.138,8933027736,12014231,67640084,-55625853,1.002,663367245410,0.21,37,0.532
2026-09-30,801467,REITs,37,0.614,0.176,16337824935,285949,71336937,-71050988,1.015,812443545560,0.85,37,0.614
2026-09-30,801080,煤炭,36,0.616,0.128,16766624329,-49638748,2022329772,-2071968520,0.808,2445948181778,0.58,36,0.616
2026-09-30,801071,保险,36,0.362,0.023,5386999066,208935354,1828557843,-1619622489,0.84,1971519475424,0.17,36,0.362
2026-09-30,803017,消防,36,0.361,0.192,1260077458,2733441,9297878,-6564437,0.723,62527517027,0.0,36,0.361
2026-09-30,801332,大麻,33,0.503,0.121,14877532174,96543347,343366247,-246822900,1.053,400597127358,0.36,33,0.503
2026-09-30,801762,甘肃省,32,0.617,-0.316,9258473642,5753990,29406455,-23652465,0.743,331508403456,0.19,32,0.617
2026-09-30,801115,海南,32,0.5,0.108,10166525687,212364961,729349876,-516984915,0.873,670382968392,0.0,32,0.5
2026-09-30,801994,西藏水电站,29,0.44,0.193,14578161522,1525821,23268067,-21742246,0.915,1247437356862,0.08,29,0.44
2026-09-30,801284,举牌,27,0.272,0.2,18585449152,100154105,399713498,-299559393,1.18,1198871812290,-0.08,27,0.272
2026-09-30,801417,天津自贸区,26,0.267,-0.23,1139296960,-12996607,35443047,-48439654,1.156,86571251955,0.33,26,0.267
2026-09-30,801081,证券,25,0.253,0.169,11947395342,-93972994,2510034445,-2604007439,0.711,2790345167329,-0.11,25,0.253
2026-09-30,801076,乡村振兴,25,0.413,0.693,62584903847,-1564466,234664287,-236228753,0.849,4919789678449,0.07,25,0.413
2026-09-30,803024,低价股,22,0.339,1.048,303113388826,206504939,2963982990,-2757478051,0.941,29854855852431,0.11,22,0.339
2026-09-30,801373,ETC,21,0.217,-0.159,5463136809,13701482,58706517,-45005035,0.815,295961840313,-0.35,21,0.217
2026-09-30,801211,新疆,21,0.305,0.104,14599008935,-3950523,33737654,-37688177,0.853,1125790503426,0.0,21,0.305
2026-09-30,801033,国有企业,21,0.36,0.852,355245163522,-45156806,4673336493,-4718493299,0.924,36454816738414,0.07,21,0.36
2026-09-30,801470,西部大开发,20,0.29,0.496,145040996643,-70598954,1238537520,-1309136474,0.846,10997136430554,-0.06,20,0.29
2026-09-30,801606,成渝经济圈,19,1.158,-0.018,678230232,23862838,67620142,-43757304,1.239,47106347972,0.38,19,1.158
2026-09-30,801741,云南省,18,0.19,-0.026,13985320160,-23205814,128428721,-151634535,0.972,903803532973,0.37,18,0.19
2026-09-30,801764,西藏自治区,17,0.176,0.0,4331000762,0,0,0,0.826,241532243606,-0.09,17,0.176
2026-09-30,801202,世界杯概念,15,0.157,0.078,4395409752,8679232,37099895,-28420663,0.837,311579863718,-0.23,15,0.157
2026-09-30,801579,垃圾发电,10,0.109,0.483,3073210534,-53990581,620455828,-674446409,0.939,366141943740,-0.15,10,0.109
2026-09-30,801752,广西壮族自治区,10,0.364,-0.012,4889632537,-182122724,238586177,-420708901,0.765,355532813109,-0.06,10,0.364
2026-09-30,801587,光热发电,9,0.099,0.017,6883032337,-10626378,119217606,-129843984,0.904,929832145519,-0.22,9,0.099
2026-09-30,801209,振兴东北,9,0.097,0.039,3578291384,1848790,29350423,-27501633,0.79,268510571268,-0.36,9,0.097
2026-09-30,801200,互联网医疗,9,0.36,-0.137,12626483412,6012496,20189778,-14177282,0.798,621563206093,0.0,9,0.36
2026-09-30,801651,湖南,9,0.172,0.177,31211963929,52379851,350240186,-297860335,0.92,1417243112958,-0.2,9,0.172
2026-09-30,801415,电子发票,6,0.06,0.0,864346296,0,0,0,0.943,53810444895,-0.63,6,0.06
2026-09-30,801857,PPP概念,5,0.161,0.092,26041001229,10385715,142418847,-132033132,0.978,2277531266372,-0.13,5,0.161
2026-09-30,801575,智慧矿山,4,0.048,0.195,2655717191,-5505210,22639433,-28144643,0.88,209668206638,-0.49,4,0.048
2026-09-30,801450,年报预增,4,0.047,-0.096,44639022065,-2554674,16194187,-18748861,0.81,2299530686907,-0.26,4,0.047
2026-09-30,801315,高校,4,0.045,0.088,7699119727,19007168,110122400,-91115232,0.769,471779543898,-0.43,4,0.045
2026-09-30,801412,新零售,4,0.267,0.088,35338652335,-24111851,245779240,-269891091,0.865,1322091561976,-0.05,4,0.267
2026-09-30,801092,铅酸电池,4,0.041,0.0,3164311194,1024236,6429527,-5405291,1.097,181395995208,-0.16,4,0.041
2026-09-30,801745,四川省,2,0.15,0.285,39012425434,44869725,262554090,-217684365,0.812,2704522774717,-0.22,2,0.15
2026-09-30,801990,外卖概念,1,0.017,0.111,2569917093,6084030,38247525,-32163495,0.744,185191155420,-0.43,1,0.017
2026-09-30,801374,造船,1,0.446,0.186,11005756548,63081930,1672320601,-1609238671,1.011,760514392287,0.26,1,0.446
2026-09-30,801740,上海市,0,0.259,0.445,122671262061,71171188,872311770,-801140582,0.933,8047817444548,-0.18,0,0.259
2026-09-30,801241,核污染概念,0,0.204,0.029,11042703085,59754876,221902949,-162148073,0.828,606403649730,-0.34,0,0.204
2026-09-30,801165,氢能源,-2,0.052,0.508,100116793348,66140217,1855078084,-1788937867,0.928,9598015006917,-0.34,-2,0.052
2026-09-30,801182,雄安新区,-2,-0.023,0.897,18421838930,45357167,277847387,-232490220,1.0,1158532471762,-0.34,-2,-0.023
2026-09-30,801371,垃圾分类,-2,-0.023,-0.119,2522627926,-33210092,106358582,-139568674,0.831,187552067535,-0.24,-2,-0.023
2026-09-30,801148,碳中和,-2,0.145,0.471,62775891683,-17810878,708147017,-725957895,0.877,5262834440342,-0.31,-2,0.145
2026-09-30,801814,中电科重组,-3,-0.032,0.0,3250586246,0,0,0,0.787,543037947214,-0.27,-3,-0.032
2026-09-30,801580,发电机,-4,-0.043,0.604,7400779911,138351006,883739093,-745388087,0.766,578380155144,-0.6,-4,-0.043
2026-09-30,801457,武汉,-4,-0.048,0.006,19177369700,-53034640,127748881,-180783521,0.808,974716693203,-0.57,-4,-0.048
2026-09-30,801850,食品安全,-6,0.073,0.293,10080359742,33560154,127819640,-94259486,0.78,470197874378,-0.23,-6,0.073
2026-09-30,801246,水务,-6,-0.069,0.051,1293309259,-6624651,37388785,-44013436,0.835,136479239747,-0.74,-6,-0.069
2026-09-30,801452,再融资,-7,-0.006,0.395,76656669387,-4634664,643837655,-648472319,0.792,2799907702621,-0.42,-7,-0.006
2026-09-30,801350,一带一路,-7,0.04,0.86,168199977315,-36044508,1805835729,-1841880237,0.89,13581769880672,-0.28,-7,0.04
2026-09-30,801578,铀矿,-9,-0.092,0.0,1557181623,0,0,0,0.693,170164550736,-0.37,-9,-0.092
2026-09-30,801576,石墨化,-9,-0.006,0.096,43150569385,40432762,195286482,-154853720,0.936,1502231619775,-0.69,-9,-0.006
2026-09-30,801422,小金属概念,-10,-0.108,0.194,61909477965,-1250535,220429410,-221679945,0.759,4500648028811,-0.4,-10,-0.108
2026-09-30,801635,平台经济,-11,-0.027,1.378,105730722452,-449848309,2397969983,-2847818292,0.862,5124578314637,-0.45,-11,-0.027
2026-09-30,801433,光学镜头,-12,0.354,-0.034,13341308232,567206375,1257787221,-690580846,0.852,392791533599,-0.49,-12,0.354
2026-09-30,801825,烟花爆竹,-13,-0.138,-0.12,1650461491,6956212,45046114,-38089902,0.829,46647432291,-0.61,-13,-0.138
2026-09-30,801019,物流,-13,-0.1,0.625,61509954492,-39295891,946593379,-985889270,0.986,3741573331249,-0.47,-13,-0.1
2026-09-30,801363,黑龙江自贸区,-14,0.7,0.12,1002459963,-1580900,1390912,-2971812,0.755,77235963964,-0.13,-14,0.7
2026-09-30,801070,光伏,-14,-0.537,0.528,208899008264,-609049375,8812421633,-9421471008,0.801,10704975729256,-1.02,-14,-0.537
2026-09-30,801996,社保卡,-15,-0.152,-0.196,3211541085,7287462,40604564,-33317102,0.77,139369854720,-0.78,-15,-0.152
2026-09-30,801153,创投,-17,0.028,0.248,65585149498,96611283,652516931,-555905648,0.863,3216321553741,-0.4,-17,0.028
2026-09-30,801313,金融概念,-17,-0.091,0.556,110618273180,-691164054,3928969789,-4620133843,0.914,9720410955274,-0.27,-17,-0.091
2026-09-30,801319,福建,-18,0.086,0.005,39388056027,76714820,639244415,-562529595,0.82,3243217434158,-0.34,-18,0.086
2026-09-30,801330,旅游,-18,-0.023,0.219,20741729240,-66750304,667516249,-734266553,0.937,992548159549,-0.24,-18,-0.023
2026-09-30,801768,陕西省,-21,-0.219,0.117,18988502221,70361276,260613772,-190252496,0.933,1441270459872,-0.74,-21,-0.219
2026-09-30,801743,北京市,-22,-0.063,0.163,147900385700,-40519813,404704277,-445224090,0.924,21303029398492,-0.44,-22,-0.063
2026-09-30,801184,包装印刷,-23,-0.101,0.629,9458077842,89588308,734147469,-644559161,0.923,406946332229,-0.77,-23,-0.101
2026-09-30,801572,中报增长,-23,-0.137,0.725,883410808695,300016285,5261739926,-4961723641,0.857,65028353579678,-0.61,-23,-0.137
2026-09-30,801164,自行车,-26,-0.268,-0.071,717504156,-486878,821830,-1308708,0.699,52085095580,-0.39,-26,-0.268
2026-09-30,801760,湖北省,-27,0.043,0.015,39939196685,-52893434,160061168,-212954602,0.826,1861442334177,-0.55,-27,0.043
2026-09-30,801612,脑机接口,-28,-0.187,0.226,26050675139,-27441061,199727237,-227168298,0.803,1470301563260,-0.63,-28,-0.187
2026-09-30,801419,通用航空,-30,-0.305,0.037,5520509924,-10888029,21203310,-32091339,0.839,439046279343,-0.76,-30,-0.305
2026-09-30,801082,ST摘帽,-31,-0.047,0.648,9569212720,3406339,472528633,-469122294,0.86,395464042868,-0.93,-31,-0.047
2026-09-30,801301,体育产业,-31,-0.263,0.202,29226278016,-10118496,335086598,-345205094,0.866,1849528152343,-0.57,-31,-0.263
2026-09-30,801386,轨道交通,-33,-0.231,0.176,34378858108,166196847,994419522,-828222675,0.847,3016285006479,-0.63,-33,-0.231
2026-09-30,801358,大飞机,-33,-0.19,0.063,29415099698,-44078308,627473470,-671551778,0.773,2145385287358,-0.69,-33,-0.19
2026-09-30,801636,露营经济,-34,-0.341,0.099,3511197236,12837576,31742081,-18904505,0.789,167888760967,-0.84,-34,-0.341
2026-09-30,801649,两轮车,-34,-0.348,0.355,10224043725,13369851,210567958,-197198107,1.387,476658158604,-0.87,-34,-0.348
2026-09-30,801896,成人用品,-35,-0.354,-0.006,748460049,-4297298,43658775,-47956073,0.631,64876736940,-0.82,-35,-0.354
2026-09-30,803012,SOFC电池,-35,-0.357,0.0,9032330643,0,0,0,0.794,631648574224,-1.24,-35,-0.357
2026-09-30,801640,就业概念,-35,-0.358,-0.1,1517892881,2051685,22141610,-20089925,0.756,81477396007,-1.14,-35,-0.358
2026-09-30,801310,浙江,-37,-0.193,0.887,143888058004,14085207,1233880845,-1219795638,0.891,7994816492055,-0.63,-37,-0.193
2026-09-30,801157,智慧停车,-37,-0.38,-0.28,1136482900,-25791825,105104928,-130896753,0.969,68862816410,-0.58,-37,-0.38
2026-09-30,801920,硫化物,-38,-0.39,-0.043,12294640872,32177054,118062940,-85885886,0.907,473327668918,-0.57,-38,-0.39
2026-09-30,801162,超跌,-39,-0.177,1.21,98846954656,-28874427,782213844,-811088271,0.786,3868552772176,-0.58,-39,-0.177
2026-09-30,801178,储能,-41,-0.293,0.448,225454714917,-235383994,5786326500,-6021710494,0.88,13774969025042,-0.77,-41,-0.293
2026-09-30,801439,网红经济,-42,-0.345,0.798,49675721632,-567047608,1741713134,-2308760742,0.805,1886840171927,-0.7,-42,-0.345
2026-09-30,801656,热泵,-42,0.479,-0.109,5161637390,-6655474,7198201,-13853675,0.852,230227249968,-0.13,-42,0.479
2026-09-30,801950,中欧概念,-43,-0.073,0.062,16901031098,11728250,207280073,-195551823,0.86,871393324930,-0.48,-43,-0.073
2026-09-30,801880,燃气轮机,-44,-0.442,0.216,9827808305,30918952,703545478,-672626526,0.684,872982115211,-1.01,-44,-0.442
2026-09-30,801754,江苏省,-45,-0.332,0.556,173180542747,110205640,1129663230,-1019457590,0.854,8219556037620,-0.82,-45,-0.332
2026-09-30,803014,海峡两岸,-47,-0.405,0.217,102558373171,14215231,398023818,-383808587,0.844,5814459944502,-0.85,-47,-0.405
2026-09-30,801657,减速器,-47,-0.207,0.168,24487928503,6369,672431591,-672425222,0.877,1182671524220,-0.5,-47,-0.207
2026-09-30,801632,新型城镇化,-47,-0.284,0.785,29579470748,71512743,495861947,-424349204,1.078,1524584030833,-0.33,-47,-0.284
2026-09-30,801662,火电灵活改造,-49,-0.491,0.043,1488266049,-10923264,38173720,-49096984,0.925,282621681392,-0.95,-49,-0.491
2026-09-30,801306,深圳,-54,-0.348,0.243,104842217104,12475304,840063772,-827588468,1.082,7848808405366,-0.55,-54,-0.348
2026-09-30,801787,实控人变更,-57,-0.482,0.287,37400193400,-28005984,319543098,-347549082,0.886,1588412994559,-0.93,-57,-0.482
2026-09-30,801408,智能家居,-58,-0.528,0.281,51850147822,24778980,242540680,-217761700,0.938,3039648270296,-1.02,-58,-0.528
2026-09-30,801589,电机电控,-60,-0.231,0.139,8382767380,36963310,377367709,-340404399,0.89,591138473310,-0.61,-60,-0.231
2026-09-30,801430,智能交通,-60,-0.379,0.285,18785379647,157293051,812012595,-654719544,0.775,1149247435654,-0.82,-60,-0.379
2026-09-30,801970,集装箱,-61,-0.612,0.0,2548340209,0,0,0,0.818,279748600084,-0.69,-61,-0.612
2026-09-30,801547,碳基材料,-62,-0.626,-0.098,3854309223,1084188,67626021,-66541833,0.696,147058901977,-1.6,-62,-0.626
2026-09-30,801871,汽车充电,-64,-0.525,0.573,137158018919,-502512,334703916,-335206428,0.842,7462679257520,-1.05,-64,-0.525
2026-09-30,801193,知识产权,-66,-0.662,0.071,12866238868,-63022550,170671998,-233694548,1.035,352097250802,-0.93,-66,-0.662
2026-09-30,801705,超导概念,-66,-0.668,-0.016,12593904200,-16476272,82022930,-98499202,0.634,638357638764,-0.84,-66,-0.668
2026-09-30,801873,首发经济,-67,-0.674,0.073,3755434553,7669198,110904317,-103235119,0.787,174742381366,-0.68,-67,-0.674
2026-09-30,801050,彩票概念,-68,-0.681,-0.075,3219562959,428360,80815358,-80386998,0.751,125251849878,-1.18,-68,-0.681
2026-09-30,801177,无人机,-69,-0.622,0.208,99138996819,-45903611,960833852,-1006737463,0.782,4657681019801,-1.19,-69,-0.622
2026-09-30,801735,中船系,-72,0.345,-0.07,6979108819,-3036819,9281728,-12318547,1.211,470275260345,-0.13,-72,0.345
2026-09-30,801120,电力,-73,0.34,0.561,84702692671,119789490,5203468880,-5083679390,0.911,8208523149277,0.0,-73,0.34
2026-09-30,801379,碳纤维,-73,-0.739,0.124,15246051959,-24923033,203691127,-228614160,0.76,1120717463804,-1.17,-73,-0.739
2026-09-30,801493,光储充一体化,-81,-0.812,0.094,4005784885,7545315,476120074,-468574759,0.682,180438436346,-1.71,-81,-0.812
2026-09-30,801414,教育,-81,-0.743,0.21,29469761918,59069901,887673662,-828603761,0.776,1243122330706,-1.15,-81,-0.743
2026-09-30,801420,蓝宝石,-81,-0.814,0.01,22828822197,75614537,704394900,-628780363,0.775,932007306120,-1.66,-81,-0.814
2026-09-30,801751,广东省,-81,-0.744,0.337,252054860056,22407108,1071430647,-1049023539,0.973,15429695542672,-1.07,-81,-0.744
2026-09-30,801321,广电网,-83,-0.838,0.149,5106117183,-35487922,151844100,-187332022,0.813,197024911557,-1.1,-83,-0.838
2026-09-30,801399,智慧城市,-84,-0.654,0.511,55762348603,-10388256,744204480,-754592736,0.797,3646668701331,-1.05,-84,-0.654
2026-09-30,801133,eSIM,-90,-0.909,0.0,3860117267,0,0,0,0.625,219227057156,-1.36,-90,-0.909
2026-09-30,801198,送转填权,-92,-0.736,0.567,52988513386,57768614,588468824,-530700210,0.837,1942626916280,-1.31,-92,-0.736
2026-09-30,801978,中科系,-93,-0.933,0.0,3862713304,0,0,0,0.704,275969826730,-1.52,-93,-0.933
2026-09-30,801132,粤港澳,-94,-0.844,0.139,82127409856,-1275893,296567784,-297843677,0.981,3472457689230,-1.1,-94,-0.844
2026-09-30,801351,科创板,-94,-0.755,0.615,213628797160,130364357,1567012282,-1436647925,0.863,10630625617844,-1.33,-94,-0.755
2026-09-30,801095,游戏,-95,-0.953,0.057,23857472390,-263130708,1604553269,-1867683977,0.723,971004578751,-1.33,-95,-0.953
2026-09-30,801637,文创产品,-98,-0.482,1.639,20599554778,42517695,927090358,-884572663,0.831,956324706248,-0.78,-98,-0.482
2026-09-30,801057,石油石化,-101,-0.01,0.384,14942000150,-384302444,1946292849,-2330595293,0.784,3689952729295,-0.25,-101,-0.01
2026-09-30,801146,阿里巴巴概念,-102,-0.963,0.283,110631172501,11032034,267481228,-256449194,0.799,6338149085072,-1.38,-102,-0.963
2026-09-30,801143,百度概念,-103,-1.038,0.021,45472173859,-38098832,34692161,-72790993,0.778,2541198645267,-1.51,-103,-1.038
2026-09-30,801719,腾讯概念,-107,-0.918,0.047,74694373815,113551056,517067196,-403516140,0.81,3572313195842,-1.19,-107,-0.918
2026-09-30,801964,压缩机,-108,-1.081,0.053,6923942738,-12814405,47157087,-59971492,0.743,443184903698,-1.4,-108,-1.081
2026-09-30,801611,虚拟人,-110,-1.108,0.038,26058360109,-73466549,187404212,-260870761,0.803,885939983329,-1.41,-110,-1.108
2026-09-30,801136,安防,-112,-0.751,0.109,17018976775,35858254,536371411,-500513157,0.793,860913007951,-1.21,-112,-0.751
2026-09-30,801388,VPN,-114,-1.141,-0.19,7257466999,-697209,1136375,-1833584,0.849,254536146025,-1.59,-114,-1.141
2026-09-30,801396,云游戏,-115,-1.152,-0.115,7182459412,-13921379,201743729,-215665108,0.739,283443066152,-1.76,-115,-1.152
2026-09-30,801437,传感器,-116,-1.012,0.277,71363369068,-90324607,535971559,-626296166,0.772,2568599306898,-1.61,-116,-1.012
2026-09-30,801190,卫星导航,-118,-1.181,0.221,77007877759,-314438256,1152965967,-1467404223,0.739,3944518577338,-1.74,-118,-1.181
2026-09-30,801829,低空经济,-118,-0.55,0.469,115606460709,84645406,1771000008,-1686354602,0.906,6137711542367,-1.06,-118,-0.55
2026-09-30,801196,LED,-118,-1.185,0.086,5171015155,36409911,113632622,-77222711,0.713,280346981608,-1.43,-118,-1.185
2026-09-30,801614,电子纸,-127,-1.279,0.021,4070592063,-51387,2603484,-2654871,0.654,244491224431,-1.87,-127,-1.279
2026-09-30,801462,RCS,-131,-1.316,-0.096,7276339855,-17713465,54271335,-71984800,0.732,460474613617,-1.76,-131,-1.316
2026-09-30,801642,石英材料,-137,-1.377,-0.052,5856699972,-23150862,44869195,-68020057,0.727,235612019894,-2.07,-137,-1.377
2026-09-30,801369,病毒防治,-139,0.789,0.58,117722281927,427941329,7294456222,-6866514893,0.911,5043113702366,0.43,-139,0.789
2026-09-30,801848,财税数字化,-139,-1.399,-0.21,4287200794,-5053093,2134397,-7187490,0.591,252585011776,-1.82,-139,-1.399
2026-09-30,801961,影石概念,-141,-1.419,0.0,2536628667,0,0,0,1.116,61709504324,-2.06,-141,-1.419
2026-09-30,803029,物理AI,-143,-0.872,0.331,47459251789,-8136552,153864643,-162001195,0.798,2387931101251,-1.44,-143,-0.872
2026-09-30,801210,操作系统,-147,-1.213,0.013,22091964334,-114983080,346605374,-461588454,0.755,1256266686128,-1.54,-147,-1.213
2026-09-30,801049,租售同权,-150,-0.502,-0.328,16507241840,-16543502,288587222,-305130724,1.478,272023759542,1.28,-150,-0.502
2026-09-30,801625,在线办公,-155,-1.558,0.024,4972448358,-29321261,31206084,-60527345,0.747,335809988992,-1.83,-155,-1.558
2026-09-30,801075,自主可控,-156,-1.569,-0.033,26112562578,-17361797,36709770,-54071567,0.682,1031104476266,-2.23,-156,-1.569
2026-09-30,801529,激光,-157,-1.574,-0.065,17057313082,-10122039,131514490,-141636529,0.689,588525036036,-1.89,-157,-1.574
2026-09-30,801411,柔性屏,-164,-1.493,-0.151,41417590221,-90966350,151777158,-242743508,0.749,1365158143854,-2.32,-164,-1.493
2026-09-30,801672,web3.0,-167,-1.671,-0.02,16607792273,23291075,204344170,-181053095,0.67,650228481601,-2.11,-167,-1.671
2026-09-30,801062,军工,-174,-0.649,0.669,186704078171,68456839,7620542454,-7552085615,0.787,8721586631196,-1.13,-174,-0.649
2026-09-30,801856,破净股概念,-184,0.676,0.748,95542495044,136368616,1276087871,-1139719255,1.137,18403675956580,0.72,-184,0.676
2026-09-30,801468,电子烟,-185,-0.351,0.104,20636492164,210015056,998772634,-788757578,0.946,605740416738,-0.95,-185,-0.351
2026-09-30,803034,打印机,-192,-1.926,0.0,10474579272,0,0,0,0.626,382167376775,-2.44,-192,-1.926
2026-09-30,803003,摩尔线程概念,-192,-1.927,-0.064,12093715616,-17042379,54683638,-71726017,0.666,555438656852,-2.38,-192,-1.927
2026-09-30,801451,wifi6/7,-196,-1.966,0.004,13811608924,-32540243,180653763,-213194006,0.725,489278433691,-2.8,-196,-1.966
2026-09-30,801359,华为海思,-201,-2.019,0.022,17540979519,14039778,223567161,-209527383,0.685,567675146230,-2.63,-201,-2.019
2026-09-30,801995,MIM,-202,-2.029,-0.154,6223143570,4538246,11837748,-7299502,0.814,280692435207,-2.25,-202,-2.029
2026-09-30,801224,3D打印,-203,-0.919,0.227,31241863610,12425341,158616675,-146191334,0.861,1094875656377,-1.35,-203,-0.919
2026-09-30,801128,国产软件,-213,-0.947,0.221,40680930501,-184156151,1067417583,-1251573734,0.765,2097292327949,-1.31,-213,-0.947
2026-09-30,801169,VR/AR/MR,-222,-1.179,0.167,86611365047,266457354,1976323665,-1709866311,0.916,3394272885164,-1.6,-222,-1.179
2026-09-30,801375,新材料概念,-225,-0.716,0.258,99182645828,-210811557,2311392339,-2522203896,0.741,4541145081022,-1.22,-225,-0.716
2026-09-30,801777,AMD概念,-241,-2.418,0.0,33913322354,529438,8660586,-8131148,0.772,1569565485852,-3.19,-241,-2.418
2026-09-30,801314,ST板块,-249,0.253,0.448,8089503975,62459186,344241996,-281782810,0.907,657959850244,0.0,-249,0.253
2026-09-30,801992,文交所,-254,-2.549,0.0,1147203033,0,0,0,0.8,29001290548,-1.8,-254,-2.549
2026-09-30,801168,工业气体,-255,-1.553,-0.019,3771799015,-43857681,189422596,-233280277,0.732,173894868472,-2.45,-255,-1.553
2026-09-30,801391,美容护理,-262,0.377,0.1,8518102321,4721781,321463231,-316741450,0.904,323268595700,0.1,-262,0.377
2026-09-30,801016,稀土永磁,-313,-0.632,0.265,23107636478,-465631567,2125618720,-2591250287,0.75,1383421388619,-1.1,-313,-0.632
2026-09-30,801519,汽车类,-316,-0.547,0.335,313586615384,-11723140,11333140373,-11344863513,0.862,16267930567113,-1.01,-316,-0.547
2026-09-30,801595,北交所,-320,0.371,1.582,12241494773,0,0,0,0.853,466928124965,0.17,-320,0.371
2026-09-30,801059,字节概念,-328,-1.225,0.254,72311559135,-233171681,1446668293,-1679839974,0.764,3280354862886,-1.51,-328,-1.225
2026-09-30,801086,玻璃,-330,-0.303,0.213,16743647526,16698596,344922773,-328224177,0.723,643330716491,-0.85,-330,-0.303
2026-09-30,801139,培育钻石,-330,-1.805,0.007,9203211140,1369863,30163895,-28794032,0.829,227870443714,-2.19,-330,-1.805
2026-09-30,801511,新型工业化,-332,-0.719,1.566,136552973797,-821379018,3476455585,-4297834603,0.83,7987529190750,-1.2,-332,-0.719
2026-09-30,801553,元宇宙,-343,-0.905,0.443,92028313023,53986651,1021679285,-967692634,0.766,4618836788299,-1.34,-343,-0.905
2026-09-30,801218,华为概念,-370,-1.073,0.408,375188685211,-218343902,2102734911,-2321078813,0.817,17320925842693,-1.61,-370,-1.073
2026-09-30,801366,业绩增长,-376,-0.163,0.713,882004128200,300016285,5261739926,-4961723641,0.858,64846503015498,-0.57,-376,-0.163
2026-09-30,801522,专精特新,-489,-0.719,1.442,153811285985,-171231362,1346187560,-1517418922,0.802,5740841267196,-1.17,-489,-0.719
2026-09-30,801088,有色金属,-520,-0.166,0.526,88121933247,521905756,14432217230,-13910311474,0.743,5506349333824,-0.55,-520,-0.166
2026-09-30,801788,仪器仪表,-526,-1.576,0.103,11368585624,-90906335,1152174906,-1243081241,0.751,324537462829,-2.21,-526,-1.576
2026-09-30,801909,可转债,-540,-0.404,0.447,42362193661,-168579110,3374660721,-3543239831,0.943,0,-0.57,-540,-0.404
2026-09-30,801377,金刚石概念,-558,-2.084,0.047,15017007647,-353761793,1143590790,-1497352583,0.681,352316528392,-2.77,-558,-2.084
2026-09-30,801694,非金属材料,-660,-1.394,0.182,29948309515,-224067596,2463789596,-2687857192,0.675,1182180398162,-1.96,-660,-1.394
2026-09-30,801074,核电,-688,-0.355,0.546,93041509323,-478645402,2695396431,-3174041833,0.832,6525645053237,-0.77,-688,-0.355
2026-09-30,801573,三季报增长,-753,-1.791,0.285,11109746145,-6674825,108812475,-115487300,1.129,588096462754,-1.6,-753,-1.791
2026-09-30,801445,元器件,-819,-1.695,0.338,61516806401,-1046146537,7221557207,-8267703744,0.759,2544749331301,-2.26,-819,-1.695
2026-09-30,801328,消费电子,-841,-1.388,0.799,311888839560,-341177092,7454316696,-7795493788,0.787,14379137959416,-1.97,-841,-1.388
2026-09-30,801807,算力,-857,-1.022,1.136,432990506809,-2534966626,26275843109,-28810809735,0.785,23169711221747,-1.61,-857,-1.022
2026-09-30,801067,面板,-918,-1.686,0.251,128860747740,-30297342,9721774678,-9752072020,0.766,5157503050215,-2.3,-918,-1.686
2026-09-30,801584,数字经济,-936,-0.742,1.596,367032073212,458248242,8766873662,-8308625420,0.825,19576504459777,-1.17,-936,-0.742
2026-09-30,801114,外贸,-936,-0.156,1.605,163108467925,128256095,1938977332,-1810721237,0.876,6971026805017,-0.57,-936,-0.156
2026-09-30,801878,端侧AI,-1134,-1.282,0.442,161710604259,68778128,6339599594,-6270821466,0.793,7154815504597,-1.91,-1134,-1.282
2026-09-30,801052,环保,-1268,-0.028,0.603,49071230629,302107284,1730767275,-1428659991,0.879,3025850234098,-0.49,-1268,-0.028
2026-09-30,801085,人工智能,-1558,-0.473,0.975,553215153086,-3663619645,26461679008,-30125298653,0.85,28436088939377,-0.92,-1558,-0.473
2026-09-30,801123,服装家纺,-1722,-0.725,0.675,11647333508,-53674790,884862373,-938537163,0.815,636220609996,-0.95,-1722,-0.725
2026-09-30,801001,芯片,-2060,-1.391,0.876,558538234359,-12972554876,90807391324,-103779946200,0.761,25668494105419,-2.03,-2060,-1.391
2026-09-30,801660,通信,-4608,-1.48,0.571,417380038417,-6133592735,78088443719,-84222036454,0.738,18599917568020,-2.17,-4608,-1.48
